"degreeCutoff","p","lambda","meanLS","medianLS","R","G","GompAIC","WeibAIC"
NA,NA,NA,NA,NA,NA,NA,NA,NA
4,0.65,0.037037037037037,3.40274689457693,3.05946528771892,0.163516394942991,0.201577357441037,42502.5057335531,42903.6148777264
4,0.75,0.037037037037037,5.85928491050441,5.73455649356394,0.0558432886473338,0.23645958755745,49995.7643164816,50430.863363745
4,0.85,0.037037037037037,8.81750375951256,8.85115297381365,0.0179617941568642,0.268531122183859,53038.6860898469,52769.7057916012
4,0.95,0.037037037037037,11.8107786975643,11.821962589996,0.0059878665525436,0.290995358867941,53626.7660313432,52758.972824949
4,0.65,0.0123456790123457,10.1399754615088,9.15570586643869,0.0568776579637953,0.0633610962989052,64492.6362251256,64802.8649373682
4,0.75,0.0123456790123457,17.6370478111023,17.2929513514973,0.0183206091833773,0.0795405244612855,71941.3726255846,72393.6216945797
4,0.85,0.0123456790123457,26.4633524891539,26.4342388047371,0.00586038205649408,0.090595821663546,74844.5041209444,74615.1698038608
4,0.95,0.0123456790123457,35.3680882770832,35.7015149001963,0.00211182296368488,0.095150936205033,75901.9413026206,75035.1985082256
