"degreeCutoff","p","lambda","meanLS","medianLS","R","G","GompAIC","WeibAIC"
NA,NA,NA,NA,NA,NA,NA,NA,NA
5,0.5,0.037037037037037,1.97555134107837,1.5782945548184,0.386309575881148,0.150232698919534,33090.765237091,33252.7371681207
5,0.6,0.037037037037037,3.80748839166028,3.48634401631531,0.14004032582693,0.194545207616471,44502.1177616194,44942.9839102814
5,0.7,0.037037037037037,6.58673276225833,6.57067512022331,0.0447624780686766,0.231644263420757,51616.1233885581,52089.6107685998
5,0.8,0.037037037037037,9.7929323917483,9.86104046116268,0.0147579601095539,0.254234207217808,54529.4989371184,54304.2190738821
5,0.9,0.037037037037037,12.979182123463,13.0718581862748,0.00501178591952489,0.273035328585004,55047.7527807166,54282.3252989375
5,1,0.037037037037037,15.8535504672481,15.9492371158873,0.00202756635093458,0.279925572664042,55266.0984749064,54339.5699877155
