"degreeCutoff","p","lambda","meanLS","medianLS","R","G","GompAIC","WeibAIC"
NA,NA,NA,NA,NA,NA,NA,NA,NA
4,0.65,0.037037037037037,3.40274689457693,3.05946528771892,0.163516394942991,0.201577357441037,42502.5057335531,42903.6148777264
4,0.75,0.037037037037037,5.85928491050441,5.73455649356394,0.0558432886473338,0.23645958755745,49995.7643164816,50430.863363745
4,0.85,0.037037037037037,8.81750375951256,8.85115297381365,0.0179617941568642,0.268531122183859,53038.6860898469,52769.7057916012
4,0.95,0.037037037037037,11.8107786975643,11.821962589996,0.0059878665525436,0.290995358867941,53626.7660313432,52758.972824949
