"degreeCutoff","p","lambda","meanLS","medianLS","R","G","GompAIC","WeibAIC"
NA,NA,NA,NA,NA,NA,NA,NA,NA
6,0.45,0.037037037037037,2.12154623869462,1.72460097871706,0.348864711745396,0.156934663190298,34406.7303130493,34620.9131744328
6,0.55,0.037037037037037,4.27256619800301,3.98064565987883,0.120295695591965,0.184449087850553,46596.5479026355,47099.6910707348
6,0.65,0.037037037037037,7.39373135958133,7.34091401852547,0.0364292432087327,0.222763998624038,53310.5261156438,53780.8813217441
6,0.75,0.037037037037037,10.8854833033242,10.9432971172248,0.0125209315871474,0.235555305747807,56325.4770541399,56205.6498791531
6,0.85,0.037037037037037,14.3100327883077,14.4451801667456,0.00435364751245152,0.251271461719757,56824.7687318416,56183.7110743463
6,0.95,0.037037037037037,17.285219181692,17.4119215181563,0.00175783235508917,0.260640780769925,56772.8330104181,55898.9506769942
